model,accuracy,precision,recall,roc_auc
Logistic Regression,0.8852459016393442,0.8387096774193549,0.9285714285714286,0.9675324675324676
Decision Tree,0.8360655737704918,0.8214285714285714,0.8214285714285714,0.8587662337662338
Random Forest,0.8524590163934426,0.8064516129032258,0.8928571428571429,0.948051948051948
SVM,0.8524590163934426,0.8275862068965517,0.8571428571428571,0.9642857142857144
